{
  "$id": "http://example.com/myURI.schema.json",
  "$schema": "http://json-schema.org/draft-07/schema#",
  "additionalProperties": false,
  "description": "Sample schema to help you get started.",
  "properties": {
    "cold": {
      "description": "The type(v) type is used.",
      "type": "number"
    },
    "coronavirus": {
      "description": "The type(v) type is used.",
      "type": "number"
    },
    "date": {
      "description": "The type(v) type is used.",
      "type": "string"
    },
    "flu": {
      "description": "The type(v) type is used.",
      "type": "number"
    },
    "pneumonia": {
      "description": "The type(v) type is used.",
      "type": "number"
    }
  },
  "title": "SampleRecord",
  "type": "object"
}